<?xml version="1.0" encoding="UTF-8"?>
<!-- 设置log4j2的自身log级别为warn -->
<!-- OFF > FATAL > ERROR > WARN > INFO > DEBUG > TRACE > ALL -->
<Configuration status="DEBUG">
    <Appenders>
        <!-- 控制台输出 -->
        <Console name="Console" target="SYSTEM_OUT">
            <!--控制台只输出level及以上级别的信息（onMatch），其他的直接拒绝（onMismatch）-->
            <ThresholdFilter level="DEBUG" onMatch="ACCEPT" onMismatch="DENY"/>
            <PatternLayout pattern="%d{HH:mm:ss.SSS} [%t] %-5level %logger{36} - %msg%n"/>
        </Console>

        <RollingFile name="RollingFileDebug" fileName="D:/logs/springboot--shiro/debug.log"
                     filePattern="D:/logs/springboot--shiro/$${date:yyyy-MM}/debug-%d{yyyy-MM-dd}-%i.log">
            <!--控制台只输出level及以上级别的信息（onMatch），其他的直接拒绝（onMismatch）-->
            <Filters>
                <ThresholdFilter level="DEBUG"/>
                <ThresholdFilter level="INFO" onMatch="DENY" onMismatch="NEUTRAL"/>
            </Filters>
            <PatternLayout pattern="[%d{HH:mm:ss:SSS}] [%p] - %l - %m%n"/>
            <Policies>
                <TimeBasedTriggeringPolicy/>
                <SizeBasedTriggeringPolicy size="100 MB"/>
            </Policies>
            <!--最多保留20个日志文件-->
            <DefaultRolloverStrategy max="20" min="0" />
        </RollingFile>

        <RollingFile name="RollingFileInfo" fileName="D:/logs/springboot--shiro/info.log"
                     filePattern="D:/logs/springboot--shiro/$${date:yyyy-MM}/info-%d{yyyy-MM-dd}-%i.log">
            <Filters>
                <ThresholdFilter level="INFO"/>
                <ThresholdFilter level="WARN" onMatch="DENY" onMismatch="NEUTRAL"/>
            </Filters>
            <PatternLayout pattern="[%d{HH:mm:ss:SSS}] [%p] - %l - %m%n"/>
            <Policies>
                <TimeBasedTriggeringPolicy/>
                <SizeBasedTriggeringPolicy size="100 MB"/>
            </Policies>
            <!--最多保留20个日志文件-->
            <DefaultRolloverStrategy max="20" min="0" />
        </RollingFile>

        <RollingFile name="RollingFileWarn" fileName="D:/logs/springboot--shiro/warn.log"
                     filePattern="D:/logs/springboot--shiro/$${date:yyyy-MM}/warn-%d{yyyy-MM-dd}-%i.log">
            <Filters>
                <ThresholdFilter level="WARN"/>
                <ThresholdFilter level="ERROR" onMatch="DENY" onMismatch="NEUTRAL"/>
            </Filters>
            <PatternLayout pattern="[%d{HH:mm:ss:SSS}] [%p] - %l - %m%n"/>
            <Policies>
                <TimeBasedTriggeringPolicy/>
                <SizeBasedTriggeringPolicy size="100 MB"/>
            </Policies>
            <!--最多保留20个日志文件-->
            <DefaultRolloverStrategy max="20" min="0" />
        </RollingFile>

        <RollingFile name="RollingFileError" fileName="D:/logs/springboot--shiro/error.log"
                     filePattern="D:/logs/springboot--shiro/$${date:yyyy-MM}/error-%d{yyyy-MM-dd}-%i.log">
            <ThresholdFilter level="ERROR"/>
            <PatternLayout pattern="[%d{HH:mm:ss:SSS}] [%p] - %l - %m%n"/>
            <Policies>
                <TimeBasedTriggeringPolicy/>
                <SizeBasedTriggeringPolicy size="100 MB"/>
            </Policies>
            <!--最多保留20个日志文件-->
            <DefaultRolloverStrategy max="20" min="0" />
        </RollingFile>

        <RollingFile name="RollingFileFatal" fileName="D:/logs/springboot--shiro/fatal.log"
                     filePattern="D:/logs/springboot--shiro/$${date:yyyy-MM}/fatal-%d{yyyy-MM-dd}-%i.log">
            <ThresholdFilter level="FATAL"/>
            <PatternLayout pattern="[%d{HH:mm:ss:SSS}] [%p] - %l - %m%n"/>
            <Policies>
                <TimeBasedTriggeringPolicy/>
                <SizeBasedTriggeringPolicy size="100 MB"/>
            </Policies>
            <!--最多保留20个日志文件-->
            <DefaultRolloverStrategy max="20" min="0" />
        </RollingFile>
    </Appenders>
    <Loggers>
        <!-- 将业务dao接口填写进去,并用控制台输出即可 -->
        <logger name="com.itheima" level="DEBUG" additivity="false">
            <appender-ref ref="Console"/>
        </logger>

        <logger name="com.itheima.project.service" level="DEBUG" additivity="false">
            <appender-ref ref="Console"/>
        </logger>

        <Root level="all">
            <appender-ref ref="Console"/>
            <appender-ref ref="RollingFileDebug"/>
            <appender-ref ref="RollingFileInfo"/>
            <appender-ref ref="RollingFileWarn"/>
            <appender-ref ref="RollingFileError"/>
            <appender-ref ref="RollingFileFatal"/>
        </Root>
    </Loggers>
</Configuration>