<?xml version="1.0" encoding="UTF-8"?>
<!DOCTYPE mapper PUBLIC "-//mybatis.org//DTD Mapper 3.0//EN" "http://mybatis.org/dtd/mybatis-3-mapper.dtd">
<mapper namespace="com.itheima.shiro.mappercustom.UserAdapterMapper">

  <resultMap id="RoleResultMap" type="com.itheima.shiro.pojo.Role">
    <result column="LABEL" jdbcType="VARCHAR" property="label" />
  </resultMap>
  
  <resultMap id="ResourceResultMap" type="com.itheima.shiro.pojo.Resource">
    <id column="ID" jdbcType="VARCHAR" property="id" />
    <result column="LABEL" jdbcType="VARCHAR" property="label" />
  </resultMap>
  
  
  
   <select id="findRoleByUserId" parameterType="java.util.Map" resultMap="RoleResultMap">
     select r.label from sh_user_role ur
     	left join sh_user u on ur.user_id = u.id
     	left join sh_role r on ur.role_id = r.id
     	where ur.enable_flag =#{enableFlag} 
     	and u.enable_flag = #{enableFlag} 
     	and r.enable_flag = #{enableFlag} 
     	and ur.enable_flag = #{enableFlag}
     	and u.id = #{userId}
   </select>
   
   <select id="findResourceByUserId" parameterType="java.util.Map" resultMap="ResourceResultMap">
     select rs.label,rs.id from SH_USER_ROLE ur 
		left join sh_role r on ur.role_id=r.id
		left join sh_user u on ur.user_id=u.id
		left join sh_role_resource rr on rr.role_id =r.id
		left join sh_resource rs on rr.resource_id = rs.id
		where r.enable_flag=#{enableFlag} 
		and u.enable_flag=#{enableFlag} 
		and rs.enable_flag=#{enableFlag} 
		and u.id=#{userId};
   </select>
   
</mapper>

