<?xml version="1.0" encoding="UTF-8"?>
<!DOCTYPE mapper PUBLIC "-//mybatis.org//DTD Mapper 3.0//EN" "http://mybatis.org/dtd/mybatis-3-mapper.dtd">
<mapper namespace="com.itheima.shiro.mapper.ResourceMapper">
  <resultMap id="BaseResultMap" type="com.itheima.shiro.pojo.Resource">
    <!--
      WARNING - @mbg.generated
      This element is automatically generated by MyBatis Generator, do not modify.
      This element was generated on Thu Feb 06 11:27:47 CST 2020.
    -->
    <id column="ID" jdbcType="VARCHAR" property="id" />
    <result column="PARENT_ID" jdbcType="VARCHAR" property="parentId" />
    <result column="RESOURCE_NAME" jdbcType="VARCHAR" property="resourceName" />
    <result column="REQUEST_PATH" jdbcType="VARCHAR" property="requestPath" />
    <result column="LABEL" jdbcType="VARCHAR" property="label" />
    <result column="ICON" jdbcType="VARCHAR" property="icon" />
    <result column="IS_LEAF" jdbcType="VARCHAR" property="isLeaf" />
    <result column="RESOURCE_TYPE" jdbcType="VARCHAR" property="resourceType" />
    <result column="SORT_NO" jdbcType="INTEGER" property="sortNo" />
    <result column="DESCRIPTION" jdbcType="VARCHAR" property="description" />
    <result column="SYSTEM_CODE" jdbcType="VARCHAR" property="systemCode" />
    <result column="IS_SYSTEM_ROOT" jdbcType="VARCHAR" property="isSystemRoot" />
    <result column="ENABLE_FLAG" jdbcType="VARCHAR" property="enableFlag" />
  </resultMap>
  <sql id="Example_Where_Clause">
    <!--
      WARNING - @mbg.generated
      This element is automatically generated by MyBatis Generator, do not modify.
      This element was generated on Thu Feb 06 11:27:47 CST 2020.
    -->
    <where>
      <foreach collection="oredCriteria" item="criteria" separator="or">
        <if test="criteria.valid">
          <trim prefix="(" prefixOverrides="and" suffix=")">
            <foreach collection="criteria.criteria" item="criterion">
              <choose>
                <when test="criterion.noValue">
                  and ${criterion.condition}
                </when>
                <when test="criterion.singleValue">
                  and ${criterion.condition} #{criterion.value}
                </when>
                <when test="criterion.betweenValue">
                  and ${criterion.condition} #{criterion.value} and #{criterion.secondValue}
                </when>
                <when test="criterion.listValue">
                  and ${criterion.condition}
                  <foreach close=")" collection="criterion.value" item="listItem" open="(" separator=",">
                    #{listItem}
                  </foreach>
                </when>
              </choose>
            </foreach>
          </trim>
        </if>
      </foreach>
    </where>
  </sql>
  <sql id="Update_By_Example_Where_Clause">
    <!--
      WARNING - @mbg.generated
      This element is automatically generated by MyBatis Generator, do not modify.
      This element was generated on Thu Feb 06 11:27:47 CST 2020.
    -->
    <where>
      <foreach collection="example.oredCriteria" item="criteria" separator="or">
        <if test="criteria.valid">
          <trim prefix="(" prefixOverrides="and" suffix=")">
            <foreach collection="criteria.criteria" item="criterion">
              <choose>
                <when test="criterion.noValue">
                  and ${criterion.condition}
                </when>
                <when test="criterion.singleValue">
                  and ${criterion.condition} #{criterion.value}
                </when>
                <when test="criterion.betweenValue">
                  and ${criterion.condition} #{criterion.value} and #{criterion.secondValue}
                </when>
                <when test="criterion.listValue">
                  and ${criterion.condition}
                  <foreach close=")" collection="criterion.value" item="listItem" open="(" separator=",">
                    #{listItem}
                  </foreach>
                </when>
              </choose>
            </foreach>
          </trim>
        </if>
      </foreach>
    </where>
  </sql>
  <sql id="Base_Column_List">
    <!--
      WARNING - @mbg.generated
      This element is automatically generated by MyBatis Generator, do not modify.
      This element was generated on Thu Feb 06 11:27:47 CST 2020.
    -->
    ID, PARENT_ID, RESOURCE_NAME, REQUEST_PATH, LABEL, ICON, IS_LEAF, RESOURCE_TYPE, 
    SORT_NO, DESCRIPTION, SYSTEM_CODE, IS_SYSTEM_ROOT, ENABLE_FLAG
  </sql>
  <select id="selectByExample" parameterType="com.itheima.shiro.pojo.ResourceExample" resultMap="BaseResultMap">
    <!--
      WARNING - @mbg.generated
      This element is automatically generated by MyBatis Generator, do not modify.
      This element was generated on Thu Feb 06 11:27:47 CST 2020.
    -->
    select
    <if test="distinct">
      distinct
    </if>
    <choose>
      <when test="resultColumn != null">
        ${resultColumn}
      </when>
      <otherwise>
        <include refid="Base_Column_List" />
      </otherwise>
    </choose>
    from sh_resource
    <if test="_parameter != null">
      <include refid="Example_Where_Clause" />
    </if>
    <if test="orderByClause != null">
      order by ${orderByClause}
    </if>
    <if test="page &gt; 0 and row &gt; 0">
      limit ${startRowNum}, ${row}
    </if>
    <if test="page &gt; 0 and row &lt;= 0">
      limit ${page}
    </if>
  </select>
  <select id="selectByPrimaryKey" resultMap="BaseResultMap">
    <!--
      WARNING - @mbg.generated
      This element is automatically generated by MyBatis Generator, do not modify.
      This element was generated on Thu Feb 06 11:27:47 CST 2020.
    -->
    select 
    <choose>
      <when test="resultColumn != null">
        ${resultColumn}
      </when>
      <otherwise>
        <include refid="Base_Column_List" />
      </otherwise>
    </choose>
    from sh_resource
    where ID = #{id,jdbcType=VARCHAR}
  </select>
  <delete id="deleteByPrimaryKey" parameterType="java.lang.String">
    <!--
      WARNING - @mbg.generated
      This element is automatically generated by MyBatis Generator, do not modify.
      This element was generated on Thu Feb 06 11:27:47 CST 2020.
    -->
    delete from sh_resource
    where ID = #{id,jdbcType=VARCHAR}
  </delete>
  <delete id="deleteByExample" parameterType="com.itheima.shiro.pojo.ResourceExample">
    <!--
      WARNING - @mbg.generated
      This element is automatically generated by MyBatis Generator, do not modify.
      This element was generated on Thu Feb 06 11:27:47 CST 2020.
    -->
    delete from sh_resource
    <if test="_parameter != null">
      <include refid="Example_Where_Clause" />
    </if>
  </delete>
  <insert id="insert" parameterType="com.itheima.shiro.pojo.Resource">
    <!--
      WARNING - @mbg.generated
      This element is automatically generated by MyBatis Generator, do not modify.
      This element was generated on Thu Feb 06 11:27:47 CST 2020.
    -->
    insert into sh_resource (ID, PARENT_ID, RESOURCE_NAME, 
      REQUEST_PATH, LABEL, ICON, 
      IS_LEAF, RESOURCE_TYPE, SORT_NO, 
      DESCRIPTION, SYSTEM_CODE, IS_SYSTEM_ROOT, 
      ENABLE_FLAG)
    values (#{id,jdbcType=VARCHAR}, #{parentId,jdbcType=VARCHAR}, #{resourceName,jdbcType=VARCHAR}, 
      #{requestPath,jdbcType=VARCHAR}, #{label,jdbcType=VARCHAR}, #{icon,jdbcType=VARCHAR}, 
      #{isLeaf,jdbcType=VARCHAR}, #{resourceType,jdbcType=VARCHAR}, #{sortNo,jdbcType=INTEGER}, 
      #{description,jdbcType=VARCHAR}, #{systemCode,jdbcType=VARCHAR}, #{isSystemRoot,jdbcType=VARCHAR}, 
      #{enableFlag,jdbcType=VARCHAR})
  </insert>
  <insert id="insertSelective" parameterType="com.itheima.shiro.pojo.Resource">
    <!--
      WARNING - @mbg.generated
      This element is automatically generated by MyBatis Generator, do not modify.
      This element was generated on Thu Feb 06 11:27:47 CST 2020.
    -->
    insert into sh_resource
    <trim prefix="(" suffix=")" suffixOverrides=",">
      <if test="id != null">
        ID,
      </if>
      <if test="parentId != null">
        PARENT_ID,
      </if>
      <if test="resourceName != null">
        RESOURCE_NAME,
      </if>
      <if test="requestPath != null">
        REQUEST_PATH,
      </if>
      <if test="label != null">
        LABEL,
      </if>
      <if test="icon != null">
        ICON,
      </if>
      <if test="isLeaf != null">
        IS_LEAF,
      </if>
      <if test="resourceType != null">
        RESOURCE_TYPE,
      </if>
      <if test="sortNo != null">
        SORT_NO,
      </if>
      <if test="description != null">
        DESCRIPTION,
      </if>
      <if test="systemCode != null">
        SYSTEM_CODE,
      </if>
      <if test="isSystemRoot != null">
        IS_SYSTEM_ROOT,
      </if>
      <if test="enableFlag != null">
        ENABLE_FLAG,
      </if>
    </trim>
    <trim prefix="values (" suffix=")" suffixOverrides=",">
      <if test="id != null">
        #{id,jdbcType=VARCHAR},
      </if>
      <if test="parentId != null">
        #{parentId,jdbcType=VARCHAR},
      </if>
      <if test="resourceName != null">
        #{resourceName,jdbcType=VARCHAR},
      </if>
      <if test="requestPath != null">
        #{requestPath,jdbcType=VARCHAR},
      </if>
      <if test="label != null">
        #{label,jdbcType=VARCHAR},
      </if>
      <if test="icon != null">
        #{icon,jdbcType=VARCHAR},
      </if>
      <if test="isLeaf != null">
        #{isLeaf,jdbcType=VARCHAR},
      </if>
      <if test="resourceType != null">
        #{resourceType,jdbcType=VARCHAR},
      </if>
      <if test="sortNo != null">
        #{sortNo,jdbcType=INTEGER},
      </if>
      <if test="description != null">
        #{description,jdbcType=VARCHAR},
      </if>
      <if test="systemCode != null">
        #{systemCode,jdbcType=VARCHAR},
      </if>
      <if test="isSystemRoot != null">
        #{isSystemRoot,jdbcType=VARCHAR},
      </if>
      <if test="enableFlag != null">
        #{enableFlag,jdbcType=VARCHAR},
      </if>
    </trim>
  </insert>
  <select id="countByExample" parameterType="com.itheima.shiro.pojo.ResourceExample" resultType="java.lang.Long">
    <!--
      WARNING - @mbg.generated
      This element is automatically generated by MyBatis Generator, do not modify.
      This element was generated on Thu Feb 06 11:27:47 CST 2020.
    -->
    select count(*) from sh_resource
    <if test="_parameter != null">
      <include refid="Example_Where_Clause" />
    </if>
  </select>
  <update id="updateByExampleSelective" parameterType="map">
    <!--
      WARNING - @mbg.generated
      This element is automatically generated by MyBatis Generator, do not modify.
      This element was generated on Thu Feb 06 11:27:47 CST 2020.
    -->
    update sh_resource
    <set>
      <if test="record.id != null">
        ID = #{record.id,jdbcType=VARCHAR},
      </if>
      <if test="record.parentId != null">
        PARENT_ID = #{record.parentId,jdbcType=VARCHAR},
      </if>
      <if test="record.resourceName != null">
        RESOURCE_NAME = #{record.resourceName,jdbcType=VARCHAR},
      </if>
      <if test="record.requestPath != null">
        REQUEST_PATH = #{record.requestPath,jdbcType=VARCHAR},
      </if>
      <if test="record.label != null">
        LABEL = #{record.label,jdbcType=VARCHAR},
      </if>
      <if test="record.icon != null">
        ICON = #{record.icon,jdbcType=VARCHAR},
      </if>
      <if test="record.isLeaf != null">
        IS_LEAF = #{record.isLeaf,jdbcType=VARCHAR},
      </if>
      <if test="record.resourceType != null">
        RESOURCE_TYPE = #{record.resourceType,jdbcType=VARCHAR},
      </if>
      <if test="record.sortNo != null">
        SORT_NO = #{record.sortNo,jdbcType=INTEGER},
      </if>
      <if test="record.description != null">
        DESCRIPTION = #{record.description,jdbcType=VARCHAR},
      </if>
      <if test="record.systemCode != null">
        SYSTEM_CODE = #{record.systemCode,jdbcType=VARCHAR},
      </if>
      <if test="record.isSystemRoot != null">
        IS_SYSTEM_ROOT = #{record.isSystemRoot,jdbcType=VARCHAR},
      </if>
      <if test="record.enableFlag != null">
        ENABLE_FLAG = #{record.enableFlag,jdbcType=VARCHAR},
      </if>
    </set>
    <if test="_parameter != null">
      <include refid="Update_By_Example_Where_Clause" />
    </if>
  </update>
  <update id="updateByExample" parameterType="map">
    <!--
      WARNING - @mbg.generated
      This element is automatically generated by MyBatis Generator, do not modify.
      This element was generated on Thu Feb 06 11:27:47 CST 2020.
    -->
    update sh_resource
    set ID = #{record.id,jdbcType=VARCHAR},
      PARENT_ID = #{record.parentId,jdbcType=VARCHAR},
      RESOURCE_NAME = #{record.resourceName,jdbcType=VARCHAR},
      REQUEST_PATH = #{record.requestPath,jdbcType=VARCHAR},
      LABEL = #{record.label,jdbcType=VARCHAR},
      ICON = #{record.icon,jdbcType=VARCHAR},
      IS_LEAF = #{record.isLeaf,jdbcType=VARCHAR},
      RESOURCE_TYPE = #{record.resourceType,jdbcType=VARCHAR},
      SORT_NO = #{record.sortNo,jdbcType=INTEGER},
      DESCRIPTION = #{record.description,jdbcType=VARCHAR},
      SYSTEM_CODE = #{record.systemCode,jdbcType=VARCHAR},
      IS_SYSTEM_ROOT = #{record.isSystemRoot,jdbcType=VARCHAR},
      ENABLE_FLAG = #{record.enableFlag,jdbcType=VARCHAR}
    <if test="_parameter != null">
      <include refid="Update_By_Example_Where_Clause" />
    </if>
  </update>
  <update id="updateByPrimaryKeySelective" parameterType="com.itheima.shiro.pojo.Resource">
    <!--
      WARNING - @mbg.generated
      This element is automatically generated by MyBatis Generator, do not modify.
      This element was generated on Thu Feb 06 11:27:47 CST 2020.
    -->
    update sh_resource
    <set>
      <if test="parentId != null">
        PARENT_ID = #{parentId,jdbcType=VARCHAR},
      </if>
      <if test="resourceName != null">
        RESOURCE_NAME = #{resourceName,jdbcType=VARCHAR},
      </if>
      <if test="requestPath != null">
        REQUEST_PATH = #{requestPath,jdbcType=VARCHAR},
      </if>
      <if test="label != null">
        LABEL = #{label,jdbcType=VARCHAR},
      </if>
      <if test="icon != null">
        ICON = #{icon,jdbcType=VARCHAR},
      </if>
      <if test="isLeaf != null">
        IS_LEAF = #{isLeaf,jdbcType=VARCHAR},
      </if>
      <if test="resourceType != null">
        RESOURCE_TYPE = #{resourceType,jdbcType=VARCHAR},
      </if>
      <if test="sortNo != null">
        SORT_NO = #{sortNo,jdbcType=INTEGER},
      </if>
      <if test="description != null">
        DESCRIPTION = #{description,jdbcType=VARCHAR},
      </if>
      <if test="systemCode != null">
        SYSTEM_CODE = #{systemCode,jdbcType=VARCHAR},
      </if>
      <if test="isSystemRoot != null">
        IS_SYSTEM_ROOT = #{isSystemRoot,jdbcType=VARCHAR},
      </if>
      <if test="enableFlag != null">
        ENABLE_FLAG = #{enableFlag,jdbcType=VARCHAR},
      </if>
    </set>
    where ID = #{id,jdbcType=VARCHAR}
  </update>
  <update id="updateByPrimaryKey" parameterType="com.itheima.shiro.pojo.Resource">
    <!--
      WARNING - @mbg.generated
      This element is automatically generated by MyBatis Generator, do not modify.
      This element was generated on Thu Feb 06 11:27:47 CST 2020.
    -->
    update sh_resource
    set PARENT_ID = #{parentId,jdbcType=VARCHAR},
      RESOURCE_NAME = #{resourceName,jdbcType=VARCHAR},
      REQUEST_PATH = #{requestPath,jdbcType=VARCHAR},
      LABEL = #{label,jdbcType=VARCHAR},
      ICON = #{icon,jdbcType=VARCHAR},
      IS_LEAF = #{isLeaf,jdbcType=VARCHAR},
      RESOURCE_TYPE = #{resourceType,jdbcType=VARCHAR},
      SORT_NO = #{sortNo,jdbcType=INTEGER},
      DESCRIPTION = #{description,jdbcType=VARCHAR},
      SYSTEM_CODE = #{systemCode,jdbcType=VARCHAR},
      IS_SYSTEM_ROOT = #{isSystemRoot,jdbcType=VARCHAR},
      ENABLE_FLAG = #{enableFlag,jdbcType=VARCHAR}
    where ID = #{id,jdbcType=VARCHAR}
  </update>
  <insert id="batchInsert" parameterType="java.util.List">
    insert into sh_resource
    (ID, PARENT_ID, RESOURCE_NAME, REQUEST_PATH, 
    LABEL, ICON, IS_LEAF, 
    RESOURCE_TYPE, SORT_NO, DESCRIPTION, 
    SYSTEM_CODE, IS_SYSTEM_ROOT, ENABLE_FLAG)
    values
    <foreach collection ="list" item="entity" index= "index" separator =",">
      (#{entity.id}, #{entity.parentId}, #{entity.resourceName}, #{entity.requestPath}, 
      #{entity.label}, #{entity.icon}, #{entity.isLeaf}, 
      #{entity.resourceType}, #{entity.sortNo}, #{entity.description}, 
      #{entity.systemCode}, #{entity.isSystemRoot}, #{entity.enableFlag})
    </foreach>
  </insert>
</mapper>