<?xml version="1.0" encoding="UTF-8"?>
<!DOCTYPE mapper PUBLIC "-//mybatis.org//DTD Mapper 3.0//EN" "http://mybatis.org/dtd/mybatis-3-mapper.dtd">
<mapper namespace="com.itheima.shiro.mapper.RoleResourceMapper">
  <resultMap id="BaseResultMap" type="com.itheima.shiro.pojo.RoleResource">
    <!--
      WARNING - @mbg.generated
      This element is automatically generated by MyBatis Generator, do not modify.
      This element was generated on Thu Feb 06 11:27:47 CST 2020.
    -->
    <id column="ID" jdbcType="VARCHAR" property="id" />
    <result column="ENABLE_FLAG" jdbcType="VARCHAR" property="enableFlag" />
    <result column="ROLE_ID" jdbcType="VARCHAR" property="roleId" />
    <result column="RESOURCE_ID" jdbcType="VARCHAR" property="resourceId" />
  </resultMap>
  <sql id="Example_Where_Clause">
    <!--
      WARNING - @mbg.generated
      This element is automatically generated by MyBatis Generator, do not modify.
      This element was generated on Thu Feb 06 11:27:47 CST 2020.
    -->
    <where>
      <foreach collection="oredCriteria" item="criteria" separator="or">
        <if test="criteria.valid">
          <trim prefix="(" prefixOverrides="and" suffix=")">
            <foreach collection="criteria.criteria" item="criterion">
              <choose>
                <when test="criterion.noValue">
                  and ${criterion.condition}
                </when>
                <when test="criterion.singleValue">
                  and ${criterion.condition} #{criterion.value}
                </when>
                <when test="criterion.betweenValue">
                  and ${criterion.condition} #{criterion.value} and #{criterion.secondValue}
                </when>
                <when test="criterion.listValue">
                  and ${criterion.condition}
                  <foreach close=")" collection="criterion.value" item="listItem" open="(" separator=",">
                    #{listItem}
                  </foreach>
                </when>
              </choose>
            </foreach>
          </trim>
        </if>
      </foreach>
    </where>
  </sql>
  <sql id="Update_By_Example_Where_Clause">
    <!--
      WARNING - @mbg.generated
      This element is automatically generated by MyBatis Generator, do not modify.
      This element was generated on Thu Feb 06 11:27:47 CST 2020.
    -->
    <where>
      <foreach collection="example.oredCriteria" item="criteria" separator="or">
        <if test="criteria.valid">
          <trim prefix="(" prefixOverrides="and" suffix=")">
            <foreach collection="criteria.criteria" item="criterion">
              <choose>
                <when test="criterion.noValue">
                  and ${criterion.condition}
                </when>
                <when test="criterion.singleValue">
                  and ${criterion.condition} #{criterion.value}
                </when>
                <when test="criterion.betweenValue">
                  and ${criterion.condition} #{criterion.value} and #{criterion.secondValue}
                </when>
                <when test="criterion.listValue">
                  and ${criterion.condition}
                  <foreach close=")" collection="criterion.value" item="listItem" open="(" separator=",">
                    #{listItem}
                  </foreach>
                </when>
              </choose>
            </foreach>
          </trim>
        </if>
      </foreach>
    </where>
  </sql>
  <sql id="Base_Column_List">
    <!--
      WARNING - @mbg.generated
      This element is automatically generated by MyBatis Generator, do not modify.
      This element was generated on Thu Feb 06 11:27:47 CST 2020.
    -->
    ID, ENABLE_FLAG, ROLE_ID, RESOURCE_ID
  </sql>
  <select id="selectByExample" parameterType="com.itheima.shiro.pojo.RoleResourceExample" resultMap="BaseResultMap">
    <!--
      WARNING - @mbg.generated
      This element is automatically generated by MyBatis Generator, do not modify.
      This element was generated on Thu Feb 06 11:27:47 CST 2020.
    -->
    select
    <if test="distinct">
      distinct
    </if>
    <choose>
      <when test="resultColumn != null">
        ${resultColumn}
      </when>
      <otherwise>
        <include refid="Base_Column_List" />
      </otherwise>
    </choose>
    from sh_role_resource
    <if test="_parameter != null">
      <include refid="Example_Where_Clause" />
    </if>
    <if test="orderByClause != null">
      order by ${orderByClause}
    </if>
    <if test="page &gt; 0 and row &gt; 0">
      limit ${startRowNum}, ${row}
    </if>
    <if test="page &gt; 0 and row &lt;= 0">
      limit ${page}
    </if>
  </select>
  <select id="selectByPrimaryKey" resultMap="BaseResultMap">
    <!--
      WARNING - @mbg.generated
      This element is automatically generated by MyBatis Generator, do not modify.
      This element was generated on Thu Feb 06 11:27:47 CST 2020.
    -->
    select 
    <choose>
      <when test="resultColumn != null">
        ${resultColumn}
      </when>
      <otherwise>
        <include refid="Base_Column_List" />
      </otherwise>
    </choose>
    from sh_role_resource
    where ID = #{id,jdbcType=VARCHAR}
  </select>
  <delete id="deleteByPrimaryKey" parameterType="java.lang.String">
    <!--
      WARNING - @mbg.generated
      This element is automatically generated by MyBatis Generator, do not modify.
      This element was generated on Thu Feb 06 11:27:47 CST 2020.
    -->
    delete from sh_role_resource
    where ID = #{id,jdbcType=VARCHAR}
  </delete>
  <delete id="deleteByExample" parameterType="com.itheima.shiro.pojo.RoleResourceExample">
    <!--
      WARNING - @mbg.generated
      This element is automatically generated by MyBatis Generator, do not modify.
      This element was generated on Thu Feb 06 11:27:47 CST 2020.
    -->
    delete from sh_role_resource
    <if test="_parameter != null">
      <include refid="Example_Where_Clause" />
    </if>
  </delete>
  <insert id="insert" parameterType="com.itheima.shiro.pojo.RoleResource">
    <!--
      WARNING - @mbg.generated
      This element is automatically generated by MyBatis Generator, do not modify.
      This element was generated on Thu Feb 06 11:27:47 CST 2020.
    -->
    insert into sh_role_resource (ID, ENABLE_FLAG, ROLE_ID, 
      RESOURCE_ID)
    values (#{id,jdbcType=VARCHAR}, #{enableFlag,jdbcType=VARCHAR}, #{roleId,jdbcType=VARCHAR}, 
      #{resourceId,jdbcType=VARCHAR})
  </insert>
  <insert id="insertSelective" parameterType="com.itheima.shiro.pojo.RoleResource">
    <!--
      WARNING - @mbg.generated
      This element is automatically generated by MyBatis Generator, do not modify.
      This element was generated on Thu Feb 06 11:27:47 CST 2020.
    -->
    insert into sh_role_resource
    <trim prefix="(" suffix=")" suffixOverrides=",">
      <if test="id != null">
        ID,
      </if>
      <if test="enableFlag != null">
        ENABLE_FLAG,
      </if>
      <if test="roleId != null">
        ROLE_ID,
      </if>
      <if test="resourceId != null">
        RESOURCE_ID,
      </if>
    </trim>
    <trim prefix="values (" suffix=")" suffixOverrides=",">
      <if test="id != null">
        #{id,jdbcType=VARCHAR},
      </if>
      <if test="enableFlag != null">
        #{enableFlag,jdbcType=VARCHAR},
      </if>
      <if test="roleId != null">
        #{roleId,jdbcType=VARCHAR},
      </if>
      <if test="resourceId != null">
        #{resourceId,jdbcType=VARCHAR},
      </if>
    </trim>
  </insert>
  <select id="countByExample" parameterType="com.itheima.shiro.pojo.RoleResourceExample" resultType="java.lang.Long">
    <!--
      WARNING - @mbg.generated
      This element is automatically generated by MyBatis Generator, do not modify.
      This element was generated on Thu Feb 06 11:27:47 CST 2020.
    -->
    select count(*) from sh_role_resource
    <if test="_parameter != null">
      <include refid="Example_Where_Clause" />
    </if>
  </select>
  <update id="updateByExampleSelective" parameterType="map">
    <!--
      WARNING - @mbg.generated
      This element is automatically generated by MyBatis Generator, do not modify.
      This element was generated on Thu Feb 06 11:27:47 CST 2020.
    -->
    update sh_role_resource
    <set>
      <if test="record.id != null">
        ID = #{record.id,jdbcType=VARCHAR},
      </if>
      <if test="record.enableFlag != null">
        ENABLE_FLAG = #{record.enableFlag,jdbcType=VARCHAR},
      </if>
      <if test="record.roleId != null">
        ROLE_ID = #{record.roleId,jdbcType=VARCHAR},
      </if>
      <if test="record.resourceId != null">
        RESOURCE_ID = #{record.resourceId,jdbcType=VARCHAR},
      </if>
    </set>
    <if test="_parameter != null">
      <include refid="Update_By_Example_Where_Clause" />
    </if>
  </update>
  <update id="updateByExample" parameterType="map">
    <!--
      WARNING - @mbg.generated
      This element is automatically generated by MyBatis Generator, do not modify.
      This element was generated on Thu Feb 06 11:27:47 CST 2020.
    -->
    update sh_role_resource
    set ID = #{record.id,jdbcType=VARCHAR},
      ENABLE_FLAG = #{record.enableFlag,jdbcType=VARCHAR},
      ROLE_ID = #{record.roleId,jdbcType=VARCHAR},
      RESOURCE_ID = #{record.resourceId,jdbcType=VARCHAR}
    <if test="_parameter != null">
      <include refid="Update_By_Example_Where_Clause" />
    </if>
  </update>
  <update id="updateByPrimaryKeySelective" parameterType="com.itheima.shiro.pojo.RoleResource">
    <!--
      WARNING - @mbg.generated
      This element is automatically generated by MyBatis Generator, do not modify.
      This element was generated on Thu Feb 06 11:27:47 CST 2020.
    -->
    update sh_role_resource
    <set>
      <if test="enableFlag != null">
        ENABLE_FLAG = #{enableFlag,jdbcType=VARCHAR},
      </if>
      <if test="roleId != null">
        ROLE_ID = #{roleId,jdbcType=VARCHAR},
      </if>
      <if test="resourceId != null">
        RESOURCE_ID = #{resourceId,jdbcType=VARCHAR},
      </if>
    </set>
    where ID = #{id,jdbcType=VARCHAR}
  </update>
  <update id="updateByPrimaryKey" parameterType="com.itheima.shiro.pojo.RoleResource">
    <!--
      WARNING - @mbg.generated
      This element is automatically generated by MyBatis Generator, do not modify.
      This element was generated on Thu Feb 06 11:27:47 CST 2020.
    -->
    update sh_role_resource
    set ENABLE_FLAG = #{enableFlag,jdbcType=VARCHAR},
      ROLE_ID = #{roleId,jdbcType=VARCHAR},
      RESOURCE_ID = #{resourceId,jdbcType=VARCHAR}
    where ID = #{id,jdbcType=VARCHAR}
  </update>
  <insert id="batchInsert" parameterType="java.util.List">
    insert into sh_role_resource
    (ID, ENABLE_FLAG, ROLE_ID, RESOURCE_ID)
    values
    <foreach collection ="list" item="entity" index= "index" separator =",">
      (#{entity.id}, #{entity.enableFlag}, #{entity.roleId}, #{entity.resourceId})
    </foreach>
  </insert>
</mapper>