<?xml version="1.0" encoding="UTF-8"?>
<!DOCTYPE mapper PUBLIC "-//mybatis.org//DTD Mapper 3.0//EN" "http://mybatis.org/dtd/mybatis-3-mapper.dtd">
<mapper namespace="com.itheima.shiro.mapper.RoleMapper">
  <resultMap id="BaseResultMap" type="com.itheima.shiro.pojo.Role">
    <!--
      WARNING - @mbg.generated
      This element is automatically generated by MyBatis Generator, do not modify.
      This element was generated on Thu Feb 06 11:27:47 CST 2020.
    -->
    <id column="ID" jdbcType="VARCHAR" property="id" />
    <result column="ROLE_NAME" jdbcType="VARCHAR" property="roleName" />
    <result column="LABEL" jdbcType="VARCHAR" property="label" />
    <result column="DESCRIPTION" jdbcType="VARCHAR" property="description" />
    <result column="SORT_NO" jdbcType="INTEGER" property="sortNo" />
    <result column="ENABLE_FLAG" jdbcType="VARCHAR" property="enableFlag" />
  </resultMap>
  <sql id="Example_Where_Clause">
    <!--
      WARNING - @mbg.generated
      This element is automatically generated by MyBatis Generator, do not modify.
      This element was generated on Thu Feb 06 11:27:47 CST 2020.
    -->
    <where>
      <foreach collection="oredCriteria" item="criteria" separator="or">
        <if test="criteria.valid">
          <trim prefix="(" prefixOverrides="and" suffix=")">
            <foreach collection="criteria.criteria" item="criterion">
              <choose>
                <when test="criterion.noValue">
                  and ${criterion.condition}
                </when>
                <when test="criterion.singleValue">
                  and ${criterion.condition} #{criterion.value}
                </when>
                <when test="criterion.betweenValue">
                  and ${criterion.condition} #{criterion.value} and #{criterion.secondValue}
                </when>
                <when test="criterion.listValue">
                  and ${criterion.condition}
                  <foreach close=")" collection="criterion.value" item="listItem" open="(" separator=",">
                    #{listItem}
                  </foreach>
                </when>
              </choose>
            </foreach>
          </trim>
        </if>
      </foreach>
    </where>
  </sql>
  <sql id="Update_By_Example_Where_Clause">
    <!--
      WARNING - @mbg.generated
      This element is automatically generated by MyBatis Generator, do not modify.
      This element was generated on Thu Feb 06 11:27:47 CST 2020.
    -->
    <where>
      <foreach collection="example.oredCriteria" item="criteria" separator="or">
        <if test="criteria.valid">
          <trim prefix="(" prefixOverrides="and" suffix=")">
            <foreach collection="criteria.criteria" item="criterion">
              <choose>
                <when test="criterion.noValue">
                  and ${criterion.condition}
                </when>
                <when test="criterion.singleValue">
                  and ${criterion.condition} #{criterion.value}
                </when>
                <when test="criterion.betweenValue">
                  and ${criterion.condition} #{criterion.value} and #{criterion.secondValue}
                </when>
                <when test="criterion.listValue">
                  and ${criterion.condition}
                  <foreach close=")" collection="criterion.value" item="listItem" open="(" separator=",">
                    #{listItem}
                  </foreach>
                </when>
              </choose>
            </foreach>
          </trim>
        </if>
      </foreach>
    </where>
  </sql>
  <sql id="Base_Column_List">
    <!--
      WARNING - @mbg.generated
      This element is automatically generated by MyBatis Generator, do not modify.
      This element was generated on Thu Feb 06 11:27:47 CST 2020.
    -->
    ID, ROLE_NAME, LABEL, DESCRIPTION, SORT_NO, ENABLE_FLAG
  </sql>
  <select id="selectByExample" parameterType="com.itheima.shiro.pojo.RoleExample" resultMap="BaseResultMap">
    <!--
      WARNING - @mbg.generated
      This element is automatically generated by MyBatis Generator, do not modify.
      This element was generated on Thu Feb 06 11:27:47 CST 2020.
    -->
    select
    <if test="distinct">
      distinct
    </if>
    <choose>
      <when test="resultColumn != null">
        ${resultColumn}
      </when>
      <otherwise>
        <include refid="Base_Column_List" />
      </otherwise>
    </choose>
    from sh_role
    <if test="_parameter != null">
      <include refid="Example_Where_Clause" />
    </if>
    <if test="orderByClause != null">
      order by ${orderByClause}
    </if>
    <if test="page &gt; 0 and row &gt; 0">
      limit ${startRowNum}, ${row}
    </if>
    <if test="page &gt; 0 and row &lt;= 0">
      limit ${page}
    </if>
  </select>
  <select id="selectByPrimaryKey" resultMap="BaseResultMap">
    <!--
      WARNING - @mbg.generated
      This element is automatically generated by MyBatis Generator, do not modify.
      This element was generated on Thu Feb 06 11:27:47 CST 2020.
    -->
    select 
    <choose>
      <when test="resultColumn != null">
        ${resultColumn}
      </when>
      <otherwise>
        <include refid="Base_Column_List" />
      </otherwise>
    </choose>
    from sh_role
    where ID = #{id,jdbcType=VARCHAR}
  </select>
  <delete id="deleteByPrimaryKey" parameterType="java.lang.String">
    <!--
      WARNING - @mbg.generated
      This element is automatically generated by MyBatis Generator, do not modify.
      This element was generated on Thu Feb 06 11:27:47 CST 2020.
    -->
    delete from sh_role
    where ID = #{id,jdbcType=VARCHAR}
  </delete>
  <delete id="deleteByExample" parameterType="com.itheima.shiro.pojo.RoleExample">
    <!--
      WARNING - @mbg.generated
      This element is automatically generated by MyBatis Generator, do not modify.
      This element was generated on Thu Feb 06 11:27:47 CST 2020.
    -->
    delete from sh_role
    <if test="_parameter != null">
      <include refid="Example_Where_Clause" />
    </if>
  </delete>
  <insert id="insert" parameterType="com.itheima.shiro.pojo.Role">
    <!--
      WARNING - @mbg.generated
      This element is automatically generated by MyBatis Generator, do not modify.
      This element was generated on Thu Feb 06 11:27:47 CST 2020.
    -->
    insert into sh_role (ID, ROLE_NAME, LABEL, 
      DESCRIPTION, SORT_NO, ENABLE_FLAG
      )
    values (#{id,jdbcType=VARCHAR}, #{roleName,jdbcType=VARCHAR}, #{label,jdbcType=VARCHAR}, 
      #{description,jdbcType=VARCHAR}, #{sortNo,jdbcType=INTEGER}, #{enableFlag,jdbcType=VARCHAR}
      )
  </insert>
  <insert id="insertSelective" parameterType="com.itheima.shiro.pojo.Role">
    <!--
      WARNING - @mbg.generated
      This element is automatically generated by MyBatis Generator, do not modify.
      This element was generated on Thu Feb 06 11:27:47 CST 2020.
    -->
    insert into sh_role
    <trim prefix="(" suffix=")" suffixOverrides=",">
      <if test="id != null">
        ID,
      </if>
      <if test="roleName != null">
        ROLE_NAME,
      </if>
      <if test="label != null">
        LABEL,
      </if>
      <if test="description != null">
        DESCRIPTION,
      </if>
      <if test="sortNo != null">
        SORT_NO,
      </if>
      <if test="enableFlag != null">
        ENABLE_FLAG,
      </if>
    </trim>
    <trim prefix="values (" suffix=")" suffixOverrides=",">
      <if test="id != null">
        #{id,jdbcType=VARCHAR},
      </if>
      <if test="roleName != null">
        #{roleName,jdbcType=VARCHAR},
      </if>
      <if test="label != null">
        #{label,jdbcType=VARCHAR},
      </if>
      <if test="description != null">
        #{description,jdbcType=VARCHAR},
      </if>
      <if test="sortNo != null">
        #{sortNo,jdbcType=INTEGER},
      </if>
      <if test="enableFlag != null">
        #{enableFlag,jdbcType=VARCHAR},
      </if>
    </trim>
  </insert>
  <select id="countByExample" parameterType="com.itheima.shiro.pojo.RoleExample" resultType="java.lang.Long">
    <!--
      WARNING - @mbg.generated
      This element is automatically generated by MyBatis Generator, do not modify.
      This element was generated on Thu Feb 06 11:27:47 CST 2020.
    -->
    select count(*) from sh_role
    <if test="_parameter != null">
      <include refid="Example_Where_Clause" />
    </if>
  </select>
  <update id="updateByExampleSelective" parameterType="map">
    <!--
      WARNING - @mbg.generated
      This element is automatically generated by MyBatis Generator, do not modify.
      This element was generated on Thu Feb 06 11:27:47 CST 2020.
    -->
    update sh_role
    <set>
      <if test="record.id != null">
        ID = #{record.id,jdbcType=VARCHAR},
      </if>
      <if test="record.roleName != null">
        ROLE_NAME = #{record.roleName,jdbcType=VARCHAR},
      </if>
      <if test="record.label != null">
        LABEL = #{record.label,jdbcType=VARCHAR},
      </if>
      <if test="record.description != null">
        DESCRIPTION = #{record.description,jdbcType=VARCHAR},
      </if>
      <if test="record.sortNo != null">
        SORT_NO = #{record.sortNo,jdbcType=INTEGER},
      </if>
      <if test="record.enableFlag != null">
        ENABLE_FLAG = #{record.enableFlag,jdbcType=VARCHAR},
      </if>
    </set>
    <if test="_parameter != null">
      <include refid="Update_By_Example_Where_Clause" />
    </if>
  </update>
  <update id="updateByExample" parameterType="map">
    <!--
      WARNING - @mbg.generated
      This element is automatically generated by MyBatis Generator, do not modify.
      This element was generated on Thu Feb 06 11:27:47 CST 2020.
    -->
    update sh_role
    set ID = #{record.id,jdbcType=VARCHAR},
      ROLE_NAME = #{record.roleName,jdbcType=VARCHAR},
      LABEL = #{record.label,jdbcType=VARCHAR},
      DESCRIPTION = #{record.description,jdbcType=VARCHAR},
      SORT_NO = #{record.sortNo,jdbcType=INTEGER},
      ENABLE_FLAG = #{record.enableFlag,jdbcType=VARCHAR}
    <if test="_parameter != null">
      <include refid="Update_By_Example_Where_Clause" />
    </if>
  </update>
  <update id="updateByPrimaryKeySelective" parameterType="com.itheima.shiro.pojo.Role">
    <!--
      WARNING - @mbg.generated
      This element is automatically generated by MyBatis Generator, do not modify.
      This element was generated on Thu Feb 06 11:27:47 CST 2020.
    -->
    update sh_role
    <set>
      <if test="roleName != null">
        ROLE_NAME = #{roleName,jdbcType=VARCHAR},
      </if>
      <if test="label != null">
        LABEL = #{label,jdbcType=VARCHAR},
      </if>
      <if test="description != null">
        DESCRIPTION = #{description,jdbcType=VARCHAR},
      </if>
      <if test="sortNo != null">
        SORT_NO = #{sortNo,jdbcType=INTEGER},
      </if>
      <if test="enableFlag != null">
        ENABLE_FLAG = #{enableFlag,jdbcType=VARCHAR},
      </if>
    </set>
    where ID = #{id,jdbcType=VARCHAR}
  </update>
  <update id="updateByPrimaryKey" parameterType="com.itheima.shiro.pojo.Role">
    <!--
      WARNING - @mbg.generated
      This element is automatically generated by MyBatis Generator, do not modify.
      This element was generated on Thu Feb 06 11:27:47 CST 2020.
    -->
    update sh_role
    set ROLE_NAME = #{roleName,jdbcType=VARCHAR},
      LABEL = #{label,jdbcType=VARCHAR},
      DESCRIPTION = #{description,jdbcType=VARCHAR},
      SORT_NO = #{sortNo,jdbcType=INTEGER},
      ENABLE_FLAG = #{enableFlag,jdbcType=VARCHAR}
    where ID = #{id,jdbcType=VARCHAR}
  </update>
  <insert id="batchInsert" parameterType="java.util.List">
    insert into sh_role
    (ID, ROLE_NAME, LABEL, DESCRIPTION, 
    SORT_NO, ENABLE_FLAG)
    values
    <foreach collection ="list" item="entity" index= "index" separator =",">
      (#{entity.id}, #{entity.roleName}, #{entity.label}, #{entity.description}, 
      #{entity.sortNo}, #{entity.enableFlag})
    </foreach>
  </insert>
</mapper>