<?xml version="1.0" encoding="UTF-8"?>
<!DOCTYPE mapper PUBLIC "-//mybatis.org//DTD Mapper 3.0//EN" "http://mybatis.org/dtd/mybatis-3-mapper.dtd">
<mapper namespace="com.itheima.shiro.mapper.UserMapper">
  <resultMap id="BaseResultMap" type="com.itheima.shiro.pojo.User">
    <!--
      WARNING - @mbg.generated
      This element is automatically generated by MyBatis Generator, do not modify.
      This element was generated on Thu Feb 06 11:27:47 CST 2020.
    -->
    <id column="ID" jdbcType="VARCHAR" property="id" />
    <result column="LOGIN_NAME" jdbcType="VARCHAR" property="loginName" />
    <result column="REAL_NAME" jdbcType="VARCHAR" property="realName" />
    <result column="NICK_NAME" jdbcType="VARCHAR" property="nickName" />
    <result column="PASS_WORD" jdbcType="VARCHAR" property="passWord" />
    <result column="SALT" jdbcType="VARCHAR" property="salt" />
    <result column="SEX" jdbcType="INTEGER" property="sex" />
    <result column="ZIPCODE" jdbcType="VARCHAR" property="zipcode" />
    <result column="ADDRESS" jdbcType="VARCHAR" property="address" />
    <result column="TEL" jdbcType="VARCHAR" property="tel" />
    <result column="MOBIL" jdbcType="VARCHAR" property="mobil" />
    <result column="EMAIL" jdbcType="VARCHAR" property="email" />
    <result column="DUTIES" jdbcType="VARCHAR" property="duties" />
    <result column="SORT_NO" jdbcType="INTEGER" property="sortNo" />
    <result column="ENABLE_FLAG" jdbcType="VARCHAR" property="enableFlag" />
  </resultMap>
  <sql id="Example_Where_Clause">
    <!--
      WARNING - @mbg.generated
      This element is automatically generated by MyBatis Generator, do not modify.
      This element was generated on Thu Feb 06 11:27:47 CST 2020.
    -->
    <where>
      <foreach collection="oredCriteria" item="criteria" separator="or">
        <if test="criteria.valid">
          <trim prefix="(" prefixOverrides="and" suffix=")">
            <foreach collection="criteria.criteria" item="criterion">
              <choose>
                <when test="criterion.noValue">
                  and ${criterion.condition}
                </when>
                <when test="criterion.singleValue">
                  and ${criterion.condition} #{criterion.value}
                </when>
                <when test="criterion.betweenValue">
                  and ${criterion.condition} #{criterion.value} and #{criterion.secondValue}
                </when>
                <when test="criterion.listValue">
                  and ${criterion.condition}
                  <foreach close=")" collection="criterion.value" item="listItem" open="(" separator=",">
                    #{listItem}
                  </foreach>
                </when>
              </choose>
            </foreach>
          </trim>
        </if>
      </foreach>
    </where>
  </sql>
  <sql id="Update_By_Example_Where_Clause">
    <!--
      WARNING - @mbg.generated
      This element is automatically generated by MyBatis Generator, do not modify.
      This element was generated on Thu Feb 06 11:27:47 CST 2020.
    -->
    <where>
      <foreach collection="example.oredCriteria" item="criteria" separator="or">
        <if test="criteria.valid">
          <trim prefix="(" prefixOverrides="and" suffix=")">
            <foreach collection="criteria.criteria" item="criterion">
              <choose>
                <when test="criterion.noValue">
                  and ${criterion.condition}
                </when>
                <when test="criterion.singleValue">
                  and ${criterion.condition} #{criterion.value}
                </when>
                <when test="criterion.betweenValue">
                  and ${criterion.condition} #{criterion.value} and #{criterion.secondValue}
                </when>
                <when test="criterion.listValue">
                  and ${criterion.condition}
                  <foreach close=")" collection="criterion.value" item="listItem" open="(" separator=",">
                    #{listItem}
                  </foreach>
                </when>
              </choose>
            </foreach>
          </trim>
        </if>
      </foreach>
    </where>
  </sql>
  <sql id="Base_Column_List">
    <!--
      WARNING - @mbg.generated
      This element is automatically generated by MyBatis Generator, do not modify.
      This element was generated on Thu Feb 06 11:27:47 CST 2020.
    -->
    ID, LOGIN_NAME, REAL_NAME, NICK_NAME, PASS_WORD, SALT, SEX, ZIPCODE, ADDRESS, TEL, 
    MOBIL, EMAIL, DUTIES, SORT_NO, ENABLE_FLAG
  </sql>
  <select id="selectByExample" parameterType="com.itheima.shiro.pojo.UserExample" resultMap="BaseResultMap">
    <!--
      WARNING - @mbg.generated
      This element is automatically generated by MyBatis Generator, do not modify.
      This element was generated on Thu Feb 06 11:27:47 CST 2020.
    -->
    select
    <if test="distinct">
      distinct
    </if>
    <choose>
      <when test="resultColumn != null">
        ${resultColumn}
      </when>
      <otherwise>
        <include refid="Base_Column_List" />
      </otherwise>
    </choose>
    from sh_user
    <if test="_parameter != null">
      <include refid="Example_Where_Clause" />
    </if>
    <if test="orderByClause != null">
      order by ${orderByClause}
    </if>
    <if test="page &gt; 0 and row &gt; 0">
      limit ${startRowNum}, ${row}
    </if>
    <if test="page &gt; 0 and row &lt;= 0">
      limit ${page}
    </if>
  </select>
  <select id="selectByPrimaryKey" resultMap="BaseResultMap">
    <!--
      WARNING - @mbg.generated
      This element is automatically generated by MyBatis Generator, do not modify.
      This element was generated on Thu Feb 06 11:27:47 CST 2020.
    -->
    select 
    <choose>
      <when test="resultColumn != null">
        ${resultColumn}
      </when>
      <otherwise>
        <include refid="Base_Column_List" />
      </otherwise>
    </choose>
    from sh_user
    where ID = #{id,jdbcType=VARCHAR}
  </select>
  <delete id="deleteByPrimaryKey" parameterType="java.lang.String">
    <!--
      WARNING - @mbg.generated
      This element is automatically generated by MyBatis Generator, do not modify.
      This element was generated on Thu Feb 06 11:27:47 CST 2020.
    -->
    delete from sh_user
    where ID = #{id,jdbcType=VARCHAR}
  </delete>
  <delete id="deleteByExample" parameterType="com.itheima.shiro.pojo.UserExample">
    <!--
      WARNING - @mbg.generated
      This element is automatically generated by MyBatis Generator, do not modify.
      This element was generated on Thu Feb 06 11:27:47 CST 2020.
    -->
    delete from sh_user
    <if test="_parameter != null">
      <include refid="Example_Where_Clause" />
    </if>
  </delete>
  <insert id="insert" parameterType="com.itheima.shiro.pojo.User">
    <!--
      WARNING - @mbg.generated
      This element is automatically generated by MyBatis Generator, do not modify.
      This element was generated on Thu Feb 06 11:27:47 CST 2020.
    -->
    insert into sh_user (ID, LOGIN_NAME, REAL_NAME, 
      NICK_NAME, PASS_WORD, SALT, 
      SEX, ZIPCODE, ADDRESS, 
      TEL, MOBIL, EMAIL, 
      DUTIES, SORT_NO, ENABLE_FLAG
      )
    values (#{id,jdbcType=VARCHAR}, #{loginName,jdbcType=VARCHAR}, #{realName,jdbcType=VARCHAR}, 
      #{nickName,jdbcType=VARCHAR}, #{passWord,jdbcType=VARCHAR}, #{salt,jdbcType=VARCHAR}, 
      #{sex,jdbcType=INTEGER}, #{zipcode,jdbcType=VARCHAR}, #{address,jdbcType=VARCHAR}, 
      #{tel,jdbcType=VARCHAR}, #{mobil,jdbcType=VARCHAR}, #{email,jdbcType=VARCHAR}, 
      #{duties,jdbcType=VARCHAR}, #{sortNo,jdbcType=INTEGER}, #{enableFlag,jdbcType=VARCHAR}
      )
  </insert>
  <insert id="insertSelective" parameterType="com.itheima.shiro.pojo.User">
    <!--
      WARNING - @mbg.generated
      This element is automatically generated by MyBatis Generator, do not modify.
      This element was generated on Thu Feb 06 11:27:47 CST 2020.
    -->
    insert into sh_user
    <trim prefix="(" suffix=")" suffixOverrides=",">
      <if test="id != null">
        ID,
      </if>
      <if test="loginName != null">
        LOGIN_NAME,
      </if>
      <if test="realName != null">
        REAL_NAME,
      </if>
      <if test="nickName != null">
        NICK_NAME,
      </if>
      <if test="passWord != null">
        PASS_WORD,
      </if>
      <if test="salt != null">
        SALT,
      </if>
      <if test="sex != null">
        SEX,
      </if>
      <if test="zipcode != null">
        ZIPCODE,
      </if>
      <if test="address != null">
        ADDRESS,
      </if>
      <if test="tel != null">
        TEL,
      </if>
      <if test="mobil != null">
        MOBIL,
      </if>
      <if test="email != null">
        EMAIL,
      </if>
      <if test="duties != null">
        DUTIES,
      </if>
      <if test="sortNo != null">
        SORT_NO,
      </if>
      <if test="enableFlag != null">
        ENABLE_FLAG,
      </if>
    </trim>
    <trim prefix="values (" suffix=")" suffixOverrides=",">
      <if test="id != null">
        #{id,jdbcType=VARCHAR},
      </if>
      <if test="loginName != null">
        #{loginName,jdbcType=VARCHAR},
      </if>
      <if test="realName != null">
        #{realName,jdbcType=VARCHAR},
      </if>
      <if test="nickName != null">
        #{nickName,jdbcType=VARCHAR},
      </if>
      <if test="passWord != null">
        #{passWord,jdbcType=VARCHAR},
      </if>
      <if test="salt != null">
        #{salt,jdbcType=VARCHAR},
      </if>
      <if test="sex != null">
        #{sex,jdbcType=INTEGER},
      </if>
      <if test="zipcode != null">
        #{zipcode,jdbcType=VARCHAR},
      </if>
      <if test="address != null">
        #{address,jdbcType=VARCHAR},
      </if>
      <if test="tel != null">
        #{tel,jdbcType=VARCHAR},
      </if>
      <if test="mobil != null">
        #{mobil,jdbcType=VARCHAR},
      </if>
      <if test="email != null">
        #{email,jdbcType=VARCHAR},
      </if>
      <if test="duties != null">
        #{duties,jdbcType=VARCHAR},
      </if>
      <if test="sortNo != null">
        #{sortNo,jdbcType=INTEGER},
      </if>
      <if test="enableFlag != null">
        #{enableFlag,jdbcType=VARCHAR},
      </if>
    </trim>
  </insert>
  <select id="countByExample" parameterType="com.itheima.shiro.pojo.UserExample" resultType="java.lang.Long">
    <!--
      WARNING - @mbg.generated
      This element is automatically generated by MyBatis Generator, do not modify.
      This element was generated on Thu Feb 06 11:27:47 CST 2020.
    -->
    select count(*) from sh_user
    <if test="_parameter != null">
      <include refid="Example_Where_Clause" />
    </if>
  </select>
  <update id="updateByExampleSelective" parameterType="map">
    <!--
      WARNING - @mbg.generated
      This element is automatically generated by MyBatis Generator, do not modify.
      This element was generated on Thu Feb 06 11:27:47 CST 2020.
    -->
    update sh_user
    <set>
      <if test="record.id != null">
        ID = #{record.id,jdbcType=VARCHAR},
      </if>
      <if test="record.loginName != null">
        LOGIN_NAME = #{record.loginName,jdbcType=VARCHAR},
      </if>
      <if test="record.realName != null">
        REAL_NAME = #{record.realName,jdbcType=VARCHAR},
      </if>
      <if test="record.nickName != null">
        NICK_NAME = #{record.nickName,jdbcType=VARCHAR},
      </if>
      <if test="record.passWord != null">
        PASS_WORD = #{record.passWord,jdbcType=VARCHAR},
      </if>
      <if test="record.salt != null">
        SALT = #{record.salt,jdbcType=VARCHAR},
      </if>
      <if test="record.sex != null">
        SEX = #{record.sex,jdbcType=INTEGER},
      </if>
      <if test="record.zipcode != null">
        ZIPCODE = #{record.zipcode,jdbcType=VARCHAR},
      </if>
      <if test="record.address != null">
        ADDRESS = #{record.address,jdbcType=VARCHAR},
      </if>
      <if test="record.tel != null">
        TEL = #{record.tel,jdbcType=VARCHAR},
      </if>
      <if test="record.mobil != null">
        MOBIL = #{record.mobil,jdbcType=VARCHAR},
      </if>
      <if test="record.email != null">
        EMAIL = #{record.email,jdbcType=VARCHAR},
      </if>
      <if test="record.duties != null">
        DUTIES = #{record.duties,jdbcType=VARCHAR},
      </if>
      <if test="record.sortNo != null">
        SORT_NO = #{record.sortNo,jdbcType=INTEGER},
      </if>
      <if test="record.enableFlag != null">
        ENABLE_FLAG = #{record.enableFlag,jdbcType=VARCHAR},
      </if>
    </set>
    <if test="_parameter != null">
      <include refid="Update_By_Example_Where_Clause" />
    </if>
  </update>
  <update id="updateByExample" parameterType="map">
    <!--
      WARNING - @mbg.generated
      This element is automatically generated by MyBatis Generator, do not modify.
      This element was generated on Thu Feb 06 11:27:47 CST 2020.
    -->
    update sh_user
    set ID = #{record.id,jdbcType=VARCHAR},
      LOGIN_NAME = #{record.loginName,jdbcType=VARCHAR},
      REAL_NAME = #{record.realName,jdbcType=VARCHAR},
      NICK_NAME = #{record.nickName,jdbcType=VARCHAR},
      PASS_WORD = #{record.passWord,jdbcType=VARCHAR},
      SALT = #{record.salt,jdbcType=VARCHAR},
      SEX = #{record.sex,jdbcType=INTEGER},
      ZIPCODE = #{record.zipcode,jdbcType=VARCHAR},
      ADDRESS = #{record.address,jdbcType=VARCHAR},
      TEL = #{record.tel,jdbcType=VARCHAR},
      MOBIL = #{record.mobil,jdbcType=VARCHAR},
      EMAIL = #{record.email,jdbcType=VARCHAR},
      DUTIES = #{record.duties,jdbcType=VARCHAR},
      SORT_NO = #{record.sortNo,jdbcType=INTEGER},
      ENABLE_FLAG = #{record.enableFlag,jdbcType=VARCHAR}
    <if test="_parameter != null">
      <include refid="Update_By_Example_Where_Clause" />
    </if>
  </update>
  <update id="updateByPrimaryKeySelective" parameterType="com.itheima.shiro.pojo.User">
    <!--
      WARNING - @mbg.generated
      This element is automatically generated by MyBatis Generator, do not modify.
      This element was generated on Thu Feb 06 11:27:47 CST 2020.
    -->
    update sh_user
    <set>
      <if test="loginName != null">
        LOGIN_NAME = #{loginName,jdbcType=VARCHAR},
      </if>
      <if test="realName != null">
        REAL_NAME = #{realName,jdbcType=VARCHAR},
      </if>
      <if test="nickName != null">
        NICK_NAME = #{nickName,jdbcType=VARCHAR},
      </if>
      <if test="passWord != null">
        PASS_WORD = #{passWord,jdbcType=VARCHAR},
      </if>
      <if test="salt != null">
        SALT = #{salt,jdbcType=VARCHAR},
      </if>
      <if test="sex != null">
        SEX = #{sex,jdbcType=INTEGER},
      </if>
      <if test="zipcode != null">
        ZIPCODE = #{zipcode,jdbcType=VARCHAR},
      </if>
      <if test="address != null">
        ADDRESS = #{address,jdbcType=VARCHAR},
      </if>
      <if test="tel != null">
        TEL = #{tel,jdbcType=VARCHAR},
      </if>
      <if test="mobil != null">
        MOBIL = #{mobil,jdbcType=VARCHAR},
      </if>
      <if test="email != null">
        EMAIL = #{email,jdbcType=VARCHAR},
      </if>
      <if test="duties != null">
        DUTIES = #{duties,jdbcType=VARCHAR},
      </if>
      <if test="sortNo != null">
        SORT_NO = #{sortNo,jdbcType=INTEGER},
      </if>
      <if test="enableFlag != null">
        ENABLE_FLAG = #{enableFlag,jdbcType=VARCHAR},
      </if>
    </set>
    where ID = #{id,jdbcType=VARCHAR}
  </update>
  <update id="updateByPrimaryKey" parameterType="com.itheima.shiro.pojo.User">
    <!--
      WARNING - @mbg.generated
      This element is automatically generated by MyBatis Generator, do not modify.
      This element was generated on Thu Feb 06 11:27:47 CST 2020.
    -->
    update sh_user
    set LOGIN_NAME = #{loginName,jdbcType=VARCHAR},
      REAL_NAME = #{realName,jdbcType=VARCHAR},
      NICK_NAME = #{nickName,jdbcType=VARCHAR},
      PASS_WORD = #{passWord,jdbcType=VARCHAR},
      SALT = #{salt,jdbcType=VARCHAR},
      SEX = #{sex,jdbcType=INTEGER},
      ZIPCODE = #{zipcode,jdbcType=VARCHAR},
      ADDRESS = #{address,jdbcType=VARCHAR},
      TEL = #{tel,jdbcType=VARCHAR},
      MOBIL = #{mobil,jdbcType=VARCHAR},
      EMAIL = #{email,jdbcType=VARCHAR},
      DUTIES = #{duties,jdbcType=VARCHAR},
      SORT_NO = #{sortNo,jdbcType=INTEGER},
      ENABLE_FLAG = #{enableFlag,jdbcType=VARCHAR}
    where ID = #{id,jdbcType=VARCHAR}
  </update>
  <insert id="batchInsert" parameterType="java.util.List">
    insert into sh_user
    (ID, LOGIN_NAME, REAL_NAME, NICK_NAME, 
    PASS_WORD, SALT, SEX, 
    ZIPCODE, ADDRESS, TEL, 
    MOBIL, EMAIL, DUTIES, 
    SORT_NO, ENABLE_FLAG)
    values
    <foreach collection ="list" item="entity" index= "index" separator =",">
      (#{entity.id}, #{entity.loginName}, #{entity.realName}, #{entity.nickName}, 
      #{entity.passWord}, #{entity.salt}, #{entity.sex}, 
      #{entity.zipcode}, #{entity.address}, #{entity.tel}, 
      #{entity.mobil}, #{entity.email}, #{entity.duties}, 
      #{entity.sortNo}, #{entity.enableFlag})
    </foreach>
  </insert>
</mapper>