<application>
  <component name="AppStorage">
    <option name="newTranslationDialogWidth" value="592" />
    <option name="newTranslationDialogX" value="623" />
    <option name="newTranslationDialogY" value="342" />
    <histories>
      <item value="time Range Filtering" />
      <item value="Dist Setting" />
      <item value="Curator Framework" />
      <item value="Invocation Handler" />
      <item value="have" />
      <item value="时间转换失败，没有获取到正确的时间" />
      <item value="enum Field" />
      <item value="Bit Seq Function" />
      <item value="precedence" />
      <item value="Specifies a reference to the corresponding type definition, overrides any other metadata specified" />
      <item value="(Optional) Constraint name. A provider-chosen name will be chosen if a name is not specified." />
      <item value="annotated" />
      <item value="invocation" />
      <item value="cascading" />
      <item value="discard Data Delay" />
      <item value="true if the 'mandatory' flag is to be set" />
      <item value="arrive Data" />
      <item value="encapsulated" />
      <item value="Release notes for 3.1.0 Remove the retries on openConnection() Add the lingerTime to one of the constructors on TcpMaster and set it into the socket connection. The lingerTime will be an Integer representing seconds and any negative or null value will disable it. SO_LINGER will be set in the socket connection and will only affect on close connection Factory method added to account for lingerTime Remove the no longer used RETRY_PAUSE_ fields from TcpMaster" />
      <item value="e = com.serotonin.modbus4j.exception.ModbusTransportException: Unsupported IP protocol id: 2639" />
      <item value="No recipient was found waiting for response for key com.serotonin.modbus4j.ip.xa.XaWaitingRoomKeyFactoryXaWaitingRoomKey@cee9" />
      <item value="you can use the &quot;contiguous requests&quot; setting which causes requests to be partitioned into only contiguous sets." />
      <item value="In spite of this" />
      <item value="The generic parameterization represents the class of the key that will be used to find the results in the BatchRead object" />
      <item value="TWO BYTE INT SIGNED" />
      <item value="TWO BYTE INT UNSIGNED" />
      <item value="custom" />
      <item value="This allows a session that gets re-activated to immediately start publishing again instead of waiting for outstanding PublishRequests from before the re-activation to expiretimeout." />
      <item value="Ionic" />
      <item value="Immutable Pair" />
      <item value="feature" />
      <item value="Mqttfeature" />
      <item value="accumulation" />
      <item value="STATS" />
      <item value="GRANTS" />
      <item value="I Mqtt Message Listener" />
      <item value="dormant" />
      <item value="INTERNAL ERROR" />
      <item value="This attribute is required for CompactLogixControlLogix tags and for tags using a DH+ protocol bridge (i.e. a DHRIO module) to get to a PLC5, SLC 500, or MicroLogix PLC on a remote DH+ link. The attribute is ignored if it is not a DH+ bridge route, but will generate a warning if debugging is active. Note that Micro800 connections must not have a path attribute." />
      <item value="content" />
      <item value="contend" />
      <item value="seeded" />
      <item value="Dump the object to stderr" />
      <item value="Dump" />
      <item value="programmatically" />
      <item value="NOT IMPLEMENTED" />
      <item value="REQUEST ENTITY INCOMPLETE" />
      <item value="browse" />
      <item value="Colloquially" />
      <item value="deprecated" />
    </histories>
    <option name="languageScores">
      <map>
        <entry key="CHINESE" value="119" />
        <entry key="ENGLISH" value="119" />
        <entry key="FRENCH" value="1" />
        <entry key="PORTUGUESE" value="2" />
      </map>
    </option>
  </component>
  <component name="Cache">
    <option name="lastTrimTime" value="1672486665716" />
  </component>
  <component name="Settings">
    <option name="aliTranslateSettings">
      <app-key>
        <option name="appId" value="LTAI5t7LpwUJb3xUUsAmm8MK" />
      </app-key>
    </option>
    <option name="phoneticFontFamily" value="Microsoft YaHei UI" />
    <option name="primaryFontFamily" value="Microsoft YaHei UI" />
    <option name="translateDocumentation" value="true" />
    <option name="translator" value="ALI" />
  </component>
  <component name="Translation.Cache">
    <option name="lastTrimTime" value="1672802478568" />
  </component>
  <component name="Translation.States">
    <histories>
      <item value="Exception" />
      <item value="normal exchange" />
      <item value="topic" />
      <item value="dead exchange" />
      <item value="dead Queue" />
      <item value="Student" />
    </histories>
    <option name="languageScores">
      <map>
        <entry key="CHINESE" value="1" />
        <entry key="ENGLISH" value="2" />
      </map>
    </option>
  </component>
</application>