<keymap version="1" name="Eclipse copy" parent="Eclipse">
  <action id="$EditorTranslateAction" />
  <action id="$Redo">
    <keyboard-shortcut first-keystroke="shift ctrl z" />
  </action>
  <action id="$TerminalTranslationAction" />
  <action id="$TranslateQuickDocAction" />
  <action id="$TranslateTextComponent" />
  <action id="CWMHostShowPopupAction" />
  <action id="ChangeSignature" />
  <action id="ClassNameCompletion" />
  <action id="CollapseAllRegions">
    <keyboard-shortcut first-keystroke="shift alt c" />
  </action>
  <action id="Editor Redo">
    <keyboard-shortcut first-keystroke="shift ctrl z" />
  </action>
  <action id="EditorScrollToCenter" />
  <action id="EditorToggleCase">
    <keyboard-shortcut first-keystroke="shift ctrl y" />
  </action>
  <action id="ExpandAllRegions">
    <keyboard-shortcut first-keystroke="shift alt x" />
  </action>
  <action id="ExternalJavaDoc" />
  <action id="Find">
    <keyboard-shortcut first-keystroke="ctrl f" />
  </action>
  <action id="FindInPath">
    <keyboard-shortcut first-keystroke="shift ctrl f" />
  </action>
  <action id="GotoFile" />
  <action id="GotoNextError">
    <keyboard-shortcut first-keystroke="shift ctrl q" />
  </action>
  <action id="GotoTest">
    <keyboard-shortcut first-keystroke="shift alt t" />
  </action>
  <action id="HippieCompletion" />
  <action id="IncrementalSearch" />
  <action id="InsertLiveTemplate">
    <keyboard-shortcut first-keystroke="ctrl j" />
  </action>
  <action id="Jdbc.OpenConsole.New" />
  <action id="Jdbc.OpenConsole.New.Generate" />
  <action id="ModifyObject" />
  <action id="OverrideMethods">
    <keyboard-shortcut first-keystroke="ctrl m" />
  </action>
  <action id="ParameterInfo">
    <keyboard-shortcut first-keystroke="alt slash" />
  </action>
  <action id="ReformatCode">
    <keyboard-shortcut first-keystroke="shift ctrl l" />
  </action>
  <action id="Replace">
    <keyboard-shortcut first-keystroke="ctrl r" />
  </action>
  <action id="ReplaceInPath">
    <keyboard-shortcut first-keystroke="shift ctrl r" />
  </action>
  <action id="Run">
    <keyboard-shortcut first-keystroke="shift f10" />
  </action>
  <action id="RunToCursor" />
  <action id="ShowPopupMenu">
    <keyboard-shortcut first-keystroke="shift alt s" />
    <keyboard-shortcut first-keystroke="ctrl f10" />
  </action>
  <action id="SurroundWith">
    <keyboard-shortcut first-keystroke="shift alt z" />
  </action>
  <action id="ToggleQuickDocTranslationActionWithShortcut" />
  <action id="TypeHierarchy">
    <keyboard-shortcut first-keystroke="f4" />
    <keyboard-shortcut first-keystroke="ctrl h" />
  </action>
  <action id="Vcs.ShowMessageHistory" />
  <action id="tasks.switch" />
</keymap>